{
    "root_group": {
        "name": "",
        "path": "",
        "id": "d41d8cd98f00b204e9800998ecf8427e",
        "groups": {},
        "checks": {
                "status is 200": {
                    "name": "status is 200",
                    "path": "::status is 200",
                    "id": "6210a8cd14cd70477eba5c5e4cb3fb5f",
                    "passes": 601,
                    "fails": 0
                },
                "duration is below 1500ms": {
                    "name": "duration is below 1500ms",
                    "path": "::duration is below 1500ms",
                    "id": "97db53aa9149a57b9d7547d85fb9b5b3",
                    "passes": 601,
                    "fails": 0
                }
            }
    },
    "metrics": {
        "http_req_duration{expected_response:true}": {
            "med": 805.793,
            "max": 842.182,
            "p(90)": 808.609,
            "p(95)": 809.925,
            "avg": 806.3542795341094,
            "min": 802.899
        },
        "http_req_connecting": {
            "p(95)": 0,
            "avg": 0.009362728785357734,
            "min": 0,
            "med": 0,
            "max": 0.404,
            "p(90)": 0
        },
        "iteration_duration": {
            "avg": 806.6823952545756,
            "min": 803.1,
            "med": 806.069667,
            "max": 842.481417,
            "p(90)": 808.956667,
            "p(95)": 810.435042
        },
        "http_req_receiving": {
            "p(90)": 0.109,
            "p(95)": 0.137,
            "avg": 0.08354242928452593,
            "min": 0.027,
            "med": 0.077,
            "max": 1.2
        },
        "http_req_sending": {
            "max": 1.63,
            "p(90)": 0.032,
            "p(95)": 0.045,
            "avg": 0.029990016638935052,
            "min": 0.01,
            "med": 0.024
        },
        "http_req_failed": {
            "passes": 0,
            "fails": 601,
            "value": 0
        },
        "iterations": {
            "rate": 9.883615412703929,
            "count": 601
        },
        "data_received": {
            "count": 170083,
            "rate": 2797.063161795212
        },
        "checks": {
            "passes": 1202,
            "fails": 0,
            "thresholds": {
                "rate>0.99": false
            },
            "value": 1
        },
        "http_req_blocked": {
            "avg": 0.02171381031613958,
            "min": 0.003,
            "med": 0.008,
            "max": 1.304,
            "p(90)": 0.012,
            "p(95)": 0.016
        },
        "vus_max": {
            "value": 20,
            "min": 20,
            "max": 20
        },
        "data_sent": {
            "count": 65509,
            "rate": 1077.3140799847283
        },
        "http_reqs": {
            "count": 601,
            "rate": 9.883615412703929
        },
        "http_req_tls_handshaking": {
            "p(90)": 0,
            "p(95)": 0,
            "avg": 0,
            "min": 0,
            "med": 0,
            "max": 0
        },
        "http_req_waiting": {
            "min": 802.819,
            "med": 805.667,
            "max": 842.119,
            "p(90)": 808.489,
            "p(95)": 809.822,
            "avg": 806.2407470881861
        },
        "vus": {
            "value": 8,
            "min": 8,
            "max": 8
        },
        "http_req_duration": {
            "min": 802.899,
            "med": 805.793,
            "max": 842.182,
            "p(90)": 808.609,
            "p(95)": 809.925,
            "avg": 806.3542795341094,
            "thresholds": {
                "p(95)<1500": false
            }
        }
    }
}