{
    "metrics": {
        "data_received": {
            "count": 102170,
            "rate": 1702.7172080197463
        },
        "checks": {
            "passes": 1202,
            "fails": 0,
            "thresholds": {
                "rate>0.99": false
            },
            "value": 1
        },
        "vus_max": {
            "value": 20,
            "min": 20,
            "max": 20
        },
        "http_reqs": {
            "count": 601,
            "rate": 10.015983576586743
        },
        "http_req_failed": {
            "passes": 601,
            "fails": 0,
            "value": 1
        },
        "iteration_duration": {
            "p(95)": 4.445,
            "avg": 3.027462131447589,
            "min": 1.082542,
            "med": 2.893375,
            "max": 14.132959,
            "p(90)": 3.613
        },
        "http_req_sending": {
            "p(95)": 0.044,
            "avg": 0.029965058236272754,
            "min": 0.008,
            "med": 0.029,
            "max": 0.246,
            "p(90)": 0.035
        },
        "http_req_tls_handshaking": {
            "avg": 0,
            "min": 0,
            "med": 0,
            "max": 0,
            "p(90)": 0,
            "p(95)": 0
        },
        "http_req_blocked": {
            "avg": 0.025247920133111324,
            "min": 0.002,
            "med": 0.009,
            "max": 0.987,
            "p(90)": 0.012,
            "p(95)": 0.017
        },
        "http_req_connecting": {
            "p(95)": 0,
            "avg": 0.01066722129783694,
            "min": 0,
            "med": 0,
            "max": 0.428,
            "p(90)": 0
        },
        "data_sent": {
            "count": 64307,
            "rate": 1071.7102426947815
        },
        "http_req_receiving": {
            "p(90)": 0.113,
            "p(95)": 0.13,
            "avg": 0.0832612312811981,
            "min": 0.019,
            "med": 0.078,
            "max": 0.48
        },
        "iterations": {
            "count": 601,
            "rate": 10.015983576586743
        },
        "vus": {
            "value": 0,
            "min": 0,
            "max": 0
        },
        "http_req_waiting": {
            "avg": 2.572244592346092,
            "min": 0.915,
            "med": 2.475,
            "max": 12.336,
            "p(90)": 3.075,
            "p(95)": 3.713
        },
        "http_req_duration": {
            "min": 0.956,
            "med": 2.581,
            "max": 12.433,
            "p(90)": 3.194,
            "p(95)": 3.896,
            "avg": 2.6854708818635595,
            "thresholds": {
                "p(95)<1000": false
            }
        }
    },
    "root_group": {
        "name": "",
        "path": "",
        "id": "d41d8cd98f00b204e9800998ecf8427e",
        "groups": {},
        "checks": {
                "status is 500": {
                    "name": "status is 500",
                    "path": "::status is 500",
                    "id": "b0e879414d3097205abc8230754aa2ad",
                    "passes": 601,
                    "fails": 0
                },
                "duration is below 1000ms": {
                    "passes": 601,
                    "fails": 0,
                    "name": "duration is below 1000ms",
                    "path": "::duration is below 1000ms",
                    "id": "911311656553b0697828f97c50c1e15a"
                }
            }
    }
}